Price,Date,Adj Close,Close,High,Low,Open,Volume
Ticker,,AAPL,AAPL,AAPL,AAPL,AAPL,AAPL
0,2022-01-03 00:00:00+00:00,179.07656860351562,182.00999450683594,182.8800048828125,177.7100067138672,177.8300018310547,104487900
1,2022-01-04 00:00:00+00:00,176.80380249023438,179.6999969482422,182.94000244140625,179.1199951171875,182.6300048828125,99310400
2,2022-01-05 00:00:00+00:00,172.10086059570312,174.9199981689453,180.1699981689453,174.63999938964844,179.61000061035156,94537600
3,2022-01-06 00:00:00+00:00,169.22792053222656,172.0,175.3000030517578,171.63999938964844,172.6999969482422,96904000
4,2022-01-07 00:00:00+00:00,169.3951873779297,172.1699981689453,174.13999938964844,171.02999877929688,172.88999938964844,86709100
5,2022-01-10 00:00:00+00:00,169.41485595703125,172.19000244140625,172.5,168.1699981689453,169.0800018310547,106765600
6,2022-01-11 00:00:00+00:00,172.25828552246094,175.0800018310547,175.17999267578125,170.82000732421875,172.32000732421875,76138300
7,2022-01-12 00:00:00+00:00,172.7010498046875,175.52999877929688,177.17999267578125,174.82000732421875,176.1199951171875,74805200
8,2022-01-13 00:00:00+00:00,169.41485595703125,172.19000244140625,176.6199951171875,171.7899932861328,175.77999877929688,84505800
9,2022-01-14 00:00:00+00:00,170.28067016601562,173.07000732421875,173.77999877929688,171.08999633789062,171.33999633789062,80440800
10,2022-01-18 00:00:00+00:00,167.06336975097656,169.8000030517578,172.5399932861328,169.41000366210938,171.50999450683594,90956700
11,2022-01-19 00:00:00+00:00,163.55091857910156,166.22999572753906,171.0800018310547,165.94000244140625,170.0,94815000
12,2022-01-20 00:00:00+00:00,161.8585968017578,164.50999450683594,169.67999267578125,164.17999267578125,166.97999572753906,91420500
13,2022-01-21 00:00:00+00:00,159.79248046875,162.41000366210938,166.3300018310547,162.3000030517578,164.4199981689453,122848900
14,2022-01-24 00:00:00+00:00,159.01519775390625,161.6199951171875,162.3000030517578,154.6999969482422,160.02000427246094,162294600
15,2022-01-25 00:00:00+00:00,157.20484924316406,159.77999877929688,162.75999450683594,157.02000427246094,158.97999572753906,115798400
16,2022-01-26 00:00:00+00:00,157.1163330078125,159.69000244140625,164.38999938964844,157.82000732421875,163.5,108275300
17,2022-01-27 00:00:00+00:00,156.6538848876953,159.22000122070312,163.83999633789062,158.27999877929688,162.4499969482422,121954600
18,2022-01-28 00:00:00+00:00,167.58485412597656,170.3300018310547,170.35000610351562,162.8000030517578,165.7100067138672,179935700
19,2022-01-31 00:00:00+00:00,171.963134765625,174.77999877929688,175.0,169.50999450683594,170.16000366210938,115541600
20,2022-02-01 00:00:00+00:00,171.79586791992188,174.61000061035156,174.83999633789062,172.30999755859375,174.00999450683594,86213900
21,2022-02-02 00:00:00+00:00,173.00601196289062,175.83999633789062,175.8800048828125,173.3300018310547,174.75,84914300
22,2022-02-03 00:00:00+00:00,170.11338806152344,172.89999389648438,176.24000549316406,172.1199951171875,174.47999572753906,89418100
23,2022-02-04 00:00:00+00:00,169.82774353027344,172.38999938964844,174.10000610351562,170.67999267578125,171.67999267578125,82465400
24,2022-02-07 00:00:00+00:00,169.10858154296875,171.66000366210938,173.9499969482422,170.9499969482422,172.86000061035156,77251200
25,2022-02-08 00:00:00+00:00,172.23143005371094,174.8300018310547,175.35000610351562,171.42999267578125,171.72999572753906,74829200
26,2022-02-09 00:00:00+00:00,173.659912109375,176.27999877929688,176.64999389648438,174.89999389648438,176.0500030517578,71285000
27,2022-02-10 00:00:00+00:00,169.5617218017578,172.1199951171875,175.47999572753906,171.5500030517578,174.13999938964844,90865900
28,2022-02-11 00:00:00+00:00,166.1334686279297,168.63999938964844,173.0800018310547,168.0399932861328,172.3300018310547,98670700
29,2022-02-14 00:00:00+00:00,166.3699188232422,168.8800048828125,169.5800018310547,166.55999755859375,167.3699951171875,86185500
30,2022-02-15 00:00:00+00:00,170.22178649902344,172.7899932861328,172.9499969482422,170.25,170.97000122070312,62527400
31,2022-02-16 00:00:00+00:00,169.98536682128906,172.5500030517578,173.33999633789062,170.0500030517578,171.85000610351562,61177400
32,2022-02-17 00:00:00+00:00,166.3699188232422,168.8800048828125,171.91000366210938,168.47000122070312,171.02999877929688,69589300
33,2022-02-18 00:00:00+00:00,164.81338500976562,167.3000030517578,170.5399932861328,166.19000244140625,169.82000732421875,82772700
34,2022-02-22 00:00:00+00:00,161.87767028808594,164.32000732421875,166.69000244140625,162.14999389648438,164.97999572753906,91162800
35,2022-02-23 00:00:00+00:00,157.6908416748047,160.07000732421875,166.14999389648438,159.75,165.5399932861328,90009200
36,2022-02-24 00:00:00+00:00,160.32118225097656,162.74000549316406,162.85000610351562,152.0,152.5800018310547,141147500
37,2022-02-25 00:00:00+00:00,162.39981079101562,164.85000610351562,165.1199951171875,160.8699951171875,163.83999633789062,91974200
38,2022-02-28 00:00:00+00:00,162.66578674316406,165.1199951171875,165.4199981689453,162.42999267578125,163.05999755859375,95056600
39,2022-03-01 00:00:00+00:00,160.77432250976562,163.1999969482422,166.60000610351562,161.97000122070312,164.6999969482422,83474400
40,2022-03-02 00:00:00+00:00,164.08438110351562,166.55999755859375,167.36000061035156,162.9499969482422,164.38999938964844,79724800
41,2022-03-03 00:00:00+00:00,163.75929260253906,166.22999572753906,168.91000366210938,165.5500030517578,168.47000122070312,76678400
42,2022-03-04 00:00:00+00:00,160.74476623535156,163.1699981689453,165.5500030517578,162.10000610351562,164.49000549316406,83737200
43,2022-03-07 00:00:00+00:00,156.93231201171875,159.3000030517578,165.02000427246094,159.0399932861328,163.36000061035156,96418800
44,2022-03-08 00:00:00+00:00,155.0999298095703,157.44000244140625,162.8800048828125,155.8000030517578,158.82000732421875,131148300
45,2022-03-09 00:00:00+00:00,160.52804565429688,162.9499969482422,163.41000366210938,159.41000366210938,161.47999572753906,91454900
46,2022-03-10 00:00:00+00:00,156.16387939453125,158.52000427246094,160.38999938964844,155.97999572753906,160.1999969482422,105342000
47,2022-03-11 00:00:00+00:00,152.43020629882812,154.72999572753906,159.27999877929688,154.5,158.92999267578125,96970100
48,2022-03-14 00:00:00+00:00,148.3813018798828,150.6199951171875,154.1199951171875,150.10000610351562,151.4499969482422,108732100
49,2022-03-15 00:00:00+00:00,152.78488159179688,155.08999633789062,155.57000732421875,150.3800048828125,150.89999389648438,92964300
50,2022-03-16 00:00:00+00:00,157.2179718017578,159.58999633789062,160.0,154.4600067138672,157.0500030517578,102300200
51,2022-03-17 00:00:00+00:00,158.23268127441406,160.6199951171875,161.0,157.6300048828125,158.61000061035156,75615400
52,2022-03-18 00:00:00+00:00,161.54273986816406,163.97999572753906,164.47999572753906,159.75999450683594,160.50999450683594,123511700
53,2022-03-21 00:00:00+00:00,162.92193603515625,165.3800048828125,166.35000610351562,163.00999450683594,163.50999450683594,95811400
54,2022-03-22 00:00:00+00:00,166.310791015625,168.82000732421875,169.4199981689453,164.91000366210938,165.50999450683594,81532000
55,2022-03-23 00:00:00+00:00,167.6801300048828,170.2100067138672,172.63999938964844,167.64999389648438,167.99000549316406,98062700
56,2022-03-24 00:00:00+00:00,171.48275756835938,174.07000732421875,174.13999938964844,170.2100067138672,171.05999755859375,90131400
57,2022-03-25 00:00:00+00:00,172.12310791015625,174.72000122070312,175.27999877929688,172.75,173.8800048828125,80546200
58,2022-03-28 00:00:00+00:00,172.9900360107422,175.60000610351562,175.72999572753906,172.0,172.1699981689453,90371900
59,2022-03-29 00:00:00+00:00,176.30010986328125,178.9600067138672,179.00999450683594,176.33999633789062,176.69000244140625,100589400
60,2022-03-30 00:00:00+00:00,175.1277618408203,177.77000427246094,179.61000061035156,176.6999969482422,178.5500030517578,92633200
61,2022-03-31 00:00:00+00:00,172.01473999023438,174.61000061035156,178.02999877929688,174.39999389648438,177.83999633789062,103049300
62,2022-04-01 00:00:00+00:00,171.7191925048828,174.30999755859375,174.8800048828125,171.94000244140625,174.02999877929688,78751300
63,2022-04-04 00:00:00+00:00,175.78782653808594,178.44000244140625,178.49000549316406,174.44000244140625,174.57000732421875,76468400
64,2022-04-05 00:00:00+00:00,172.4580535888672,175.05999755859375,178.3000030517578,174.4199981689453,177.5,73401800
65,2022-04-06 00:00:00+00:00,169.27606201171875,171.8300018310547,173.6300048828125,170.1300048828125,172.36000061035156,89058800
66,2022-04-07 00:00:00+00:00,169.58145141601562,172.13999938964844,173.36000061035156,169.85000610351562,171.16000366210938,77594700
67,2022-04-08 00:00:00+00:00,167.56192016601562,170.08999633789062,171.77999877929688,169.1999969482422,171.77999877929688,76575500
68,2022-04-11 00:00:00+00:00,163.28643798828125,165.75,169.02999877929688,165.5,168.7100067138672,72246700
69,2022-04-12 00:00:00+00:00,165.1680450439453,167.66000366210938,169.8699951171875,166.63999938964844,168.02000427246094,79265200
70,2022-04-13 00:00:00+00:00,167.86732482910156,170.39999389648438,171.0399932861328,166.77000427246094,167.38999938964844,70618900
71,2022-04-14 00:00:00+00:00,162.833251953125,165.2899932861328,171.27000427246094,165.0399932861328,170.6199951171875,75329400
72,2022-04-18 00:00:00+00:00,162.61654663085938,165.07000732421875,166.60000610351562,163.57000732421875,163.9199981689453,69023900
73,2022-04-19 00:00:00+00:00,164.91189575195312,167.39999389648438,167.82000732421875,163.91000366210938,165.02000427246094,67723800
74,2022-04-20 00:00:00+00:00,164.7444305419922,167.22999572753906,168.8800048828125,166.10000610351562,168.75999450683594,67929800
75,2022-04-21 00:00:00+00:00,163.9464874267578,166.4199981689453,171.52999877929688,165.91000366210938,168.91000366210938,87227800
76,2022-04-22 00:00:00+00:00,159.38526916503906,161.7899932861328,167.8699951171875,161.5,166.4600067138672,84882400
77,2022-04-25 00:00:00+00:00,160.45909118652344,162.8800048828125,163.1699981689453,158.4600067138672,161.1199951171875,96046400
78,2022-04-26 00:00:00+00:00,154.46945190429688,156.8000030517578,162.33999633789062,156.72000122070312,162.25,95623200
79,2022-04-27 00:00:00+00:00,154.2428741455078,156.57000732421875,159.7899932861328,155.3800048828125,155.91000366210938,88063200
80,2022-04-28 00:00:00+00:00,161.2078094482422,163.63999938964844,164.52000427246094,158.92999267578125,159.25,130216800
81,2022-04-29 00:00:00+00:00,155.30682373046875,157.64999389648438,166.1999969482422,157.25,161.83999633789062,131747600
82,2022-05-02 00:00:00+00:00,155.61219787597656,157.9600067138672,158.22999572753906,153.27000427246094,156.7100067138672,123055300
83,2022-05-03 00:00:00+00:00,157.109619140625,159.47999572753906,160.7100067138672,156.32000732421875,158.14999389648438,88966500
84,2022-05-04 00:00:00+00:00,163.5524139404297,166.02000427246094,166.47999572753906,159.25999450683594,159.6699981689453,108256500
85,2022-05-05 00:00:00+00:00,154.4398956298828,156.77000427246094,164.0800018310547,154.9499969482422,163.85000610351562,130525300
86,2022-05-06 00:00:00+00:00,155.16995239257812,157.27999877929688,159.44000244140625,154.17999267578125,156.00999450683594,116124600
87,2022-05-09 00:00:00+00:00,150.01998901367188,152.05999755859375,155.8300018310547,151.49000549316406,154.92999267578125,131577900
88,2022-05-10 00:00:00+00:00,152.4371337890625,154.50999450683594,156.74000549316406,152.92999267578125,155.52000427246094,115366700
89,2022-05-11 00:00:00+00:00,144.53460693359375,146.5,155.4499969482422,145.80999755859375,153.5,142689800
90,2022-05-12 00:00:00+00:00,140.6474609375,142.55999755859375,146.1999969482422,138.8000030517578,142.77000427246094,182602000
91,2022-05-13 00:00:00+00:00,145.13641357421875,147.11000061035156,148.10000610351562,143.11000061035156,144.58999633789062,113990900
92,2022-05-16 00:00:00+00:00,143.58746337890625,145.5399932861328,147.52000427246094,144.17999267578125,145.5500030517578,86643800
93,2022-05-17 00:00:00+00:00,147.2378387451172,149.24000549316406,149.77000427246094,146.67999267578125,148.86000061035156,78336300
94,2022-05-18 00:00:00+00:00,138.93080139160156,140.82000732421875,147.36000061035156,139.89999389648438,146.85000610351562,109742900
95,2022-05-19 00:00:00+00:00,135.5073699951172,137.35000610351562,141.66000366210938,136.60000610351562,139.8800048828125,136095600
96,2022-05-20 00:00:00+00:00,135.74412536621094,137.58999633789062,140.6999969482422,132.61000061035156,139.08999633789062,137426100
97,2022-05-23 00:00:00+00:00,141.19007873535156,143.11000061035156,143.25999450683594,137.64999389648438,137.7899932861328,117726300
98,2022-05-24 00:00:00+00:00,138.4769744873047,140.36000061035156,141.97000122070312,137.3300018310547,140.80999755859375,104132700
99,2022-05-25 00:00:00+00:00,138.63482666015625,140.52000427246094,141.7899932861328,138.33999633789062,138.42999267578125,92482700
100,2022-05-26 00:00:00+00:00,141.85107421875,143.77999877929688,144.33999633789062,137.13999938964844,137.38999938964844,90601500
101,2022-05-27 00:00:00+00:00,147.63247680664062,149.63999938964844,149.67999267578125,145.25999450683594,145.38999938964844,90978500
102,2022-05-31 00:00:00+00:00,146.8431854248047,148.83999633789062,150.66000366210938,146.83999633789062,149.07000732421875,103718400
103,2022-06-01 00:00:00+00:00,146.7149200439453,148.7100067138672,151.74000549316406,147.67999267578125,149.89999389648438,74286600
104,2022-06-02 00:00:00+00:00,149.18138122558594,151.2100067138672,151.27000427246094,146.86000061035156,147.8300018310547,72348100
105,2022-06-03 00:00:00+00:00,143.42962646484375,145.3800048828125,147.97000122070312,144.4600067138672,146.89999389648438,88570300
106,2022-06-06 00:00:00+00:00,144.17941284179688,146.13999938964844,148.57000732421875,144.89999389648438,147.02999877929688,71598400
107,2022-06-07 00:00:00+00:00,146.7149200439453,148.7100067138672,149.0,144.10000610351562,144.35000610351562,67808200
108,2022-06-08 00:00:00+00:00,145.97499084472656,147.9600067138672,149.8699951171875,147.4600067138672,148.5800018310547,53950200
109,2022-06-09 00:00:00+00:00,140.7263641357422,142.63999938964844,147.9499969482422,142.52999877929688,147.0800018310547,69473000
110,2022-06-10 00:00:00+00:00,135.290283203125,137.1300048828125,140.75999450683594,137.05999755859375,140.27999877929688,91437900
111,2022-06-13 00:00:00+00:00,130.11073303222656,131.8800048828125,135.1999969482422,131.44000244140625,132.8699951171875,122207100
112,2022-06-14 00:00:00+00:00,130.97891235351562,132.75999450683594,133.88999938964844,131.47999572753906,133.1300048828125,84784300
113,2022-06-15 00:00:00+00:00,133.61309814453125,135.42999267578125,137.33999633789062,132.16000366210938,134.2899932861328,91533000
114,2022-06-16 00:00:00+00:00,128.3151397705078,130.05999755859375,132.38999938964844,129.0399932861328,132.0800018310547,108123900
115,2022-06-17 00:00:00+00:00,129.79501342773438,131.55999755859375,133.0800018310547,129.80999755859375,130.07000732421875,134520300
116,2022-06-21 00:00:00+00:00,134.0471954345703,135.8699951171875,137.05999755859375,133.32000732421875,133.4199981689453,81000500
117,2022-06-22 00:00:00+00:00,133.53421020507812,135.35000610351562,137.75999450683594,133.91000366210938,134.7899932861328,73409200
118,2022-06-23 00:00:00+00:00,136.41500854492188,138.27000427246094,138.58999633789062,135.6300048828125,136.82000732421875,72433800
119,2022-06-24 00:00:00+00:00,139.759521484375,141.66000366210938,141.91000366210938,139.77000427246094,139.89999389648438,89116800
120,2022-06-27 00:00:00+00:00,139.759521484375,141.66000366210938,143.49000549316406,140.97000122070312,142.6999969482422,70207900
121,2022-06-28 00:00:00+00:00,135.5961456298828,137.44000244140625,143.4199981689453,137.32000732421875,142.1300048828125,67083400
122,2022-06-29 00:00:00+00:00,137.3621063232422,139.22999572753906,140.6699981689453,136.6699981689453,137.4600067138672,66242400
123,2022-06-30 00:00:00+00:00,134.8857879638672,136.72000122070312,138.3699951171875,133.77000427246094,137.25,98964500
124,2022-07-01 00:00:00+00:00,137.06613159179688,138.92999267578125,139.0399932861328,135.66000366210938,136.0399932861328,71051600
125,2022-07-05 00:00:00+00:00,139.66085815429688,141.55999755859375,141.61000061035156,136.92999267578125,137.77000427246094,73353800
126,2022-07-06 00:00:00+00:00,141.0026092529297,142.9199981689453,144.1199951171875,141.0800018310547,141.35000610351562,74064300
127,2022-07-07 00:00:00+00:00,144.3865966796875,146.35000610351562,146.5500030517578,143.27999877929688,143.2899932861328,66253700
128,2022-07-08 00:00:00+00:00,145.06732177734375,147.0399932861328,147.5500030517578,145.0,145.25999450683594,64547800
129,2022-07-11 00:00:00+00:00,142.9264678955078,144.8699951171875,146.63999938964844,143.77999877929688,145.6699981689453,63141600
130,2022-07-12 00:00:00+00:00,143.90318298339844,145.86000061035156,148.4499969482422,145.0500030517578,145.75999450683594,77588800
131,2022-07-13 00:00:00+00:00,143.5381317138672,145.49000549316406,146.4499969482422,142.1199951171875,142.99000549316406,71185600
132,2022-07-14 00:00:00+00:00,146.47816467285156,148.47000122070312,148.9499969482422,143.25,144.0800018310547,78140700
133,2022-07-15 00:00:00+00:00,148.15533447265625,150.1699981689453,150.86000061035156,148.1999969482422,149.77999877929688,76259900
134,2022-07-18 00:00:00+00:00,145.096923828125,147.07000732421875,151.57000732421875,146.6999969482422,150.74000549316406,81420900
135,2022-07-19 00:00:00+00:00,148.9741973876953,151.0,151.22999572753906,146.91000366210938,147.9199981689453,82982400
136,2022-07-20 00:00:00+00:00,150.98683166503906,153.0399932861328,153.72000122070312,150.3699951171875,151.1199951171875,64823400
137,2022-07-21 00:00:00+00:00,153.265869140625,155.35000610351562,155.57000732421875,151.94000244140625,154.5,65086600
138,2022-07-22 00:00:00+00:00,152.02276611328125,154.08999633789062,156.27999877929688,153.41000366210938,155.38999938964844,66675400
139,2022-07-25 00:00:00+00:00,150.89805603027344,152.9499969482422,155.0399932861328,152.27999877929688,154.00999450683594,53623900
140,2022-07-26 00:00:00+00:00,149.56617736816406,151.60000610351562,153.08999633789062,150.8000030517578,152.25999450683594,55138700
141,2022-07-27 00:00:00+00:00,154.68650817871094,156.7899932861328,157.3300018310547,152.16000366210938,152.5800018310547,78620700
142,2022-07-28 00:00:00+00:00,155.23904418945312,157.35000610351562,157.63999938964844,154.41000366210938,156.97999572753906,81378700
143,2022-07-29 00:00:00+00:00,160.3297882080078,162.50999450683594,163.6300048828125,159.5,161.24000549316406,101786900
144,2022-08-01 00:00:00+00:00,159.34320068359375,161.50999450683594,163.58999633789062,160.88999938964844,161.00999450683594,67829400
145,2022-08-02 00:00:00+00:00,157.8633575439453,160.00999450683594,162.41000366210938,159.6300048828125,160.10000610351562,59907000
146,2022-08-03 00:00:00+00:00,163.90126037597656,166.1300048828125,166.58999633789062,160.75,160.83999633789062,82507500
147,2022-08-04 00:00:00+00:00,163.58554077148438,165.80999755859375,167.19000244140625,164.42999267578125,166.00999450683594,55474100
148,2022-08-05 00:00:00+00:00,163.3582763671875,165.35000610351562,165.85000610351562,163.0,163.2100067138672,56697000
149,2022-08-08 00:00:00+00:00,162.88406372070312,164.8699951171875,167.80999755859375,164.1999969482422,166.3699951171875,60276900
150,2022-08-09 00:00:00+00:00,162.93348693847656,164.9199981689453,165.82000732421875,163.25,164.02000427246094,63135500
151,2022-08-10 00:00:00+00:00,167.20143127441406,169.24000549316406,169.33999633789062,166.89999389648438,167.67999267578125,70170500
152,2022-08-11 00:00:00+00:00,166.4604949951172,168.49000549316406,170.99000549316406,168.19000244140625,170.05999755859375,57149200
153,2022-08-12 00:00:00+00:00,170.02699279785156,172.10000610351562,172.1699981689453,169.39999389648438,169.82000732421875,68039400
154,2022-08-15 00:00:00+00:00,171.10386657714844,173.19000244140625,173.38999938964844,171.35000610351562,171.52000427246094,54091700
155,2022-08-16 00:00:00+00:00,170.94578552246094,173.02999877929688,173.7100067138672,171.66000366210938,172.77999877929688,56377100
156,2022-08-17 00:00:00+00:00,172.44747924804688,174.5500030517578,176.14999389648438,172.57000732421875,172.77000427246094,79542000
157,2022-08-18 00:00:00+00:00,172.05230712890625,174.14999389648438,174.89999389648438,173.1199951171875,173.75,62290100
158,2022-08-19 00:00:00+00:00,169.4539794921875,171.52000427246094,173.74000549316406,171.30999755859375,173.02999877929688,70346300
159,2022-08-22 00:00:00+00:00,165.5515594482422,167.57000732421875,169.86000061035156,167.13999938964844,169.69000244140625,69026800
160,2022-08-23 00:00:00+00:00,165.2156524658203,167.22999572753906,168.7100067138672,166.64999389648438,167.0800018310547,54147100
161,2022-08-24 00:00:00+00:00,165.51205444335938,167.52999877929688,168.11000061035156,166.25,167.32000732421875,53841500
162,2022-08-25 00:00:00+00:00,167.98193359375,170.02999877929688,170.13999938964844,168.35000610351562,168.77999877929688,51218200
163,2022-08-26 00:00:00+00:00,161.64915466308594,163.6199951171875,171.0500030517578,163.55999755859375,170.57000732421875,78961000
164,2022-08-29 00:00:00+00:00,159.43612670898438,161.3800048828125,162.89999389648438,159.82000732421875,161.14999389648438,73314000
165,2022-08-30 00:00:00+00:00,156.99588012695312,158.91000366210938,162.55999755859375,157.72000122070312,162.1300048828125,77906200
166,2022-08-31 00:00:00+00:00,155.32620239257812,157.22000122070312,160.5800018310547,157.13999938964844,160.30999755859375,87991100
167,2022-09-01 00:00:00+00:00,156.0573272705078,157.9600067138672,158.4199981689453,154.6699981689453,156.63999938964844,74229900
168,2022-09-02 00:00:00+00:00,153.93319702148438,155.80999755859375,160.36000061035156,154.97000122070312,159.75,76957800
169,2022-09-06 00:00:00+00:00,152.66860961914062,154.52999877929688,157.08999633789062,153.69000244140625,156.47000122070312,73714800
170,2022-09-07 00:00:00+00:00,154.08140563964844,155.9600067138672,156.6699981689453,153.61000061035156,154.82000732421875,87449600
171,2022-09-08 00:00:00+00:00,152.59947204589844,154.4600067138672,156.36000061035156,152.67999267578125,154.63999938964844,84923800
172,2022-09-09 00:00:00+00:00,155.47442626953125,157.3699951171875,157.82000732421875,154.75,155.47000122070312,68028800
173,2022-09-12 00:00:00+00:00,161.46139526367188,163.42999267578125,164.25999450683594,159.3000030517578,159.58999633789062,104956000
174,2022-09-13 00:00:00+00:00,151.98692321777344,153.83999633789062,160.5399932861328,153.3699951171875,159.89999389648438,122656600
175,2022-09-14 00:00:00+00:00,153.43923950195312,155.30999755859375,157.10000610351562,153.61000061035156,154.7899932861328,87965400
176,2022-09-15 00:00:00+00:00,150.53463745117188,152.3699951171875,155.24000549316406,151.3800048828125,154.64999389648438,90481100
177,2022-09-16 00:00:00+00:00,148.88475036621094,150.6999969482422,151.35000610351562,148.3699951171875,151.2100067138672,162278800
178,2022-09-19 00:00:00+00:00,152.61923217773438,154.47999572753906,154.55999755859375,149.10000610351562,149.30999755859375,81474200
179,2022-09-20 00:00:00+00:00,155.0100860595703,156.89999389648438,158.0800018310547,153.0800018310547,153.39999389648438,107689800
180,2022-09-21 00:00:00+00:00,151.86837768554688,153.72000122070312,158.74000549316406,153.60000610351562,157.33999633789062,101696800
181,2022-09-22 00:00:00+00:00,150.9001922607422,152.74000549316406,154.47000122070312,150.91000366210938,152.3800048828125,86652500
182,2022-09-23 00:00:00+00:00,148.61801147460938,150.42999267578125,151.47000122070312,148.55999755859375,151.19000244140625,96029900
183,2022-09-26 00:00:00+00:00,148.95391845703125,150.77000427246094,153.77000427246094,149.63999938964844,149.66000366210938,93339400
184,2022-09-27 00:00:00+00:00,149.9320068359375,151.75999450683594,154.72000122070312,149.9499969482422,152.74000549316406,84442700
185,2022-09-28 00:00:00+00:00,148.03509521484375,149.83999633789062,150.63999938964844,144.83999633789062,147.63999938964844,146691400
186,2022-09-29 00:00:00+00:00,140.7637939453125,142.47999572753906,146.72000122070312,140.67999267578125,146.10000610351562,128138200
187,2022-09-30 00:00:00+00:00,136.53530883789062,138.1999969482422,143.10000610351562,138.0,141.27999877929688,124925300
188,2022-10-03 00:00:00+00:00,140.73414611816406,142.4499969482422,143.07000732421875,137.69000244140625,138.2100067138672,114311700
189,2022-10-04 00:00:00+00:00,144.34017944335938,146.10000610351562,146.22000122070312,144.25999450683594,145.02999877929688,87830100
190,2022-10-05 00:00:00+00:00,144.6365509033203,146.39999389648438,147.3800048828125,143.00999450683594,144.07000732421875,79471000
191,2022-10-06 00:00:00+00:00,143.67822265625,145.42999267578125,147.5399932861328,145.22000122070312,145.80999755859375,68402200
192,2022-10-07 00:00:00+00:00,138.40255737304688,140.08999633789062,143.10000610351562,139.4499969482422,142.5399932861328,85925600
193,2022-10-10 00:00:00+00:00,138.7285614013672,140.4199981689453,141.88999938964844,138.57000732421875,140.4199981689453,74899000
194,2022-10-11 00:00:00+00:00,137.30592346191406,138.97999572753906,141.35000610351562,138.22000122070312,139.89999389648438,77033700
195,2022-10-12 00:00:00+00:00,136.6736602783203,138.33999633789062,140.36000061035156,138.16000366210938,139.1300048828125,70433700
196,2022-10-13 00:00:00+00:00,141.26763916015625,142.99000549316406,143.58999633789062,134.3699951171875,134.99000549316406,113224000
197,2022-10-14 00:00:00+00:00,136.71315002441406,138.3800048828125,144.52000427246094,138.19000244140625,144.30999755859375,88598000
198,2022-10-17 00:00:00+00:00,140.6946258544922,142.41000366210938,142.89999389648438,140.27000427246094,141.07000732421875,85250900
199,2022-10-18 00:00:00+00:00,142.0184783935547,143.75,146.6999969482422,140.61000061035156,145.49000549316406,99136600
200,2022-10-19 00:00:00+00:00,142.1271514892578,143.86000061035156,144.9499969482422,141.5,141.69000244140625,61758300
201,2022-10-20 00:00:00+00:00,141.66281127929688,143.38999938964844,145.88999938964844,142.64999389648438,143.02000427246094,64522000
202,2022-10-21 00:00:00+00:00,145.49606323242188,147.27000427246094,147.85000610351562,142.64999389648438,142.8699951171875,86548600
203,2022-10-24 00:00:00+00:00,147.64981079101562,149.4499969482422,150.22999572753906,146.0,147.19000244140625,75981900
204,2022-10-25 00:00:00+00:00,150.50502014160156,152.33999633789062,152.49000549316406,149.36000061035156,150.08999633789062,74732300
205,2022-10-26 00:00:00+00:00,147.55101013183594,149.35000610351562,151.99000549316406,148.0399932861328,150.9600067138672,88194300
206,2022-10-27 00:00:00+00:00,143.0558319091797,144.8000030517578,149.0500030517578,144.1300048828125,148.07000732421875,109180200
207,2022-10-28 00:00:00+00:00,153.86404418945312,155.74000549316406,157.5,147.82000732421875,148.1999969482422,164762400
208,2022-10-31 00:00:00+00:00,151.4929656982422,153.33999633789062,154.24000549316406,151.9199981689453,153.16000366210938,97943200
209,2022-11-01 00:00:00+00:00,148.83535766601562,150.64999389648438,155.4499969482422,149.1300048828125,155.0800018310547,80379300
210,2022-11-02 00:00:00+00:00,143.28305053710938,145.02999877929688,152.1699981689453,145.0,148.9499969482422,93604600
211,2022-11-03 00:00:00+00:00,137.2071533203125,138.8800048828125,142.8000030517578,138.75,142.05999755859375,97918500
212,2022-11-04 00:00:00+00:00,136.93994140625,138.3800048828125,142.6699981689453,134.3800048828125,142.08999633789062,140814800
213,2022-11-07 00:00:00+00:00,137.4743194580078,138.9199981689453,139.14999389648438,135.6699981689453,137.11000061035156,83374600
214,2022-11-08 00:00:00+00:00,138.04830932617188,139.5,141.42999267578125,137.49000549316406,140.41000366210938,89908500
215,2022-11-09 00:00:00+00:00,133.46646118164062,134.8699951171875,138.5500030517578,134.58999633789062,138.5,74917800
216,2022-11-10 00:00:00+00:00,145.3415985107422,146.8699951171875,146.8699951171875,139.5,141.24000549316406,118854000
217,2022-11-11 00:00:00+00:00,148.14215087890625,149.6999969482422,150.00999450683594,144.3699951171875,145.82000732421875,93979700
218,2022-11-14 00:00:00+00:00,146.73692321777344,148.27999877929688,150.27999877929688,147.42999267578125,148.97000122070312,73374100
219,2022-11-15 00:00:00+00:00,148.47862243652344,150.0399932861328,153.58999633789062,148.55999755859375,152.22000122070312,89868300
220,2022-11-16 00:00:00+00:00,147.2416229248047,148.7899932861328,149.8699951171875,147.2899932861328,149.1300048828125,64218300
221,2022-11-17 00:00:00+00:00,149.1515350341797,150.72000122070312,151.47999572753906,146.14999389648438,146.42999267578125,80389400
222,2022-11-18 00:00:00+00:00,149.71560668945312,151.2899932861328,152.6999969482422,149.97000122070312,152.30999755859375,74829600
223,2022-11-21 00:00:00+00:00,146.4697265625,148.00999450683594,150.3699951171875,147.72000122070312,150.16000366210938,58724100
224,2022-11-22 00:00:00+00:00,148.6171417236328,150.17999267578125,150.4199981689453,146.92999267578125,148.1300048828125,51804100
225,2022-11-23 00:00:00+00:00,149.49789428710938,151.07000732421875,151.8300018310547,149.33999633789062,149.4499969482422,58301400
226,2022-11-25 00:00:00+00:00,146.56871032714844,148.11000061035156,148.8800048828125,147.1199951171875,148.30999755859375,35195900
227,2022-11-28 00:00:00+00:00,142.7191925048828,144.22000122070312,146.63999938964844,143.3800048828125,145.13999938964844,69246000
228,2022-11-29 00:00:00+00:00,139.70091247558594,141.1699981689453,144.80999755859375,140.35000610351562,144.2899932861328,83763800
229,2022-11-30 00:00:00+00:00,146.48953247070312,148.02999877929688,148.72000122070312,140.5500030517578,141.39999389648438,111380900
230,2022-12-01 00:00:00+00:00,146.76661682128906,148.30999755859375,149.1300048828125,146.61000061035156,148.2100067138672,71250400
231,2022-12-02 00:00:00+00:00,146.2718048095703,147.80999755859375,148.0,145.64999389648438,145.9600067138672,65447400
232,2022-12-05 00:00:00+00:00,145.10411071777344,146.6300048828125,150.9199981689453,145.77000427246094,147.77000427246094,68826400
233,2022-12-06 00:00:00+00:00,141.42282104492188,142.91000366210938,147.3000030517578,141.9199981689453,147.07000732421875,64727200
234,2022-12-07 00:00:00+00:00,139.47332763671875,140.94000244140625,143.3699951171875,140.0,142.19000244140625,69721100
235,2022-12-08 00:00:00+00:00,141.16549682617188,142.64999389648438,143.52000427246094,141.10000610351562,142.36000061035156,62128300
236,2022-12-09 00:00:00+00:00,140.6806182861328,142.16000366210938,145.57000732421875,140.89999389648438,142.33999633789062,76097000
237,2022-12-12 00:00:00+00:00,142.9863739013672,144.49000549316406,144.5,141.05999755859375,142.6999969482422,70462700
238,2022-12-13 00:00:00+00:00,143.95619201660156,145.47000122070312,149.97000122070312,144.24000549316406,149.5,93886200
239,2022-12-14 00:00:00+00:00,141.71971130371094,143.2100067138672,146.66000366210938,141.16000366210938,145.35000610351562,82291200
240,2022-12-15 00:00:00+00:00,135.07952880859375,136.5,141.8000030517578,136.02999877929688,141.11000061035156,98931900
241,2022-12-16 00:00:00+00:00,133.1102294921875,134.50999450683594,137.64999389648438,133.72999572753906,136.69000244140625,160156900
242,2022-12-19 00:00:00+00:00,130.99249267578125,132.3699951171875,135.1999969482422,131.32000732421875,135.11000061035156,79592600
243,2022-12-20 00:00:00+00:00,130.9232177734375,132.3000030517578,133.25,129.88999938964844,131.38999938964844,77432800
244,2022-12-21 00:00:00+00:00,134.04043579101562,135.4499969482422,136.80999755859375,132.75,132.97999572753906,85928000
245,2022-12-22 00:00:00+00:00,130.85391235351562,132.22999572753906,134.55999755859375,130.3000030517578,134.35000610351562,77852100
246,2022-12-23 00:00:00+00:00,130.48779296875,131.86000061035156,132.4199981689453,129.63999938964844,130.9199981689453,63814900
247,2022-12-27 00:00:00+00:00,128.67684936523438,130.02999877929688,131.41000366210938,128.72000122070312,131.3800048828125,69007800
248,2022-12-28 00:00:00+00:00,124.7283706665039,126.04000091552734,131.02999877929688,125.87000274658203,129.6699981689453,85438400
249,2022-12-29 00:00:00+00:00,128.26121520996094,129.61000061035156,130.47999572753906,127.7300033569336,127.98999786376953,75703700
250,2022-12-30 00:00:00+00:00,128.577880859375,129.92999267578125,129.9499969482422,127.43000030517578,128.41000366210938,77034200
251,2023-01-03 00:00:00+00:00,123.7684555053711,125.06999969482422,130.89999389648438,124.16999816894531,130.27999877929688,112117500
252,2023-01-04 00:00:00+00:00,125.04503631591797,126.36000061035156,128.66000366210938,125.08000183105469,126.88999938964844,89113600
253,2023-01-05 00:00:00+00:00,123.71897888183594,125.0199966430664,127.7699966430664,124.76000213623047,127.12999725341797,80962700
254,2023-01-06 00:00:00+00:00,128.27110290527344,129.6199951171875,130.2899932861328,124.88999938964844,126.01000213623047,87754700
255,2023-01-09 00:00:00+00:00,128.79559326171875,130.14999389648438,133.41000366210938,129.88999938964844,130.47000122070312,70790800
256,2023-01-10 00:00:00+00:00,129.36953735351562,130.72999572753906,131.25999450683594,128.1199951171875,130.25999450683594,63896200
257,2023-01-11 00:00:00+00:00,132.1008758544922,133.49000549316406,133.50999450683594,130.4600067138672,131.25,69458900
258,2023-01-12 00:00:00+00:00,132.02169799804688,133.41000366210938,134.25999450683594,131.44000244140625,133.8800048828125,71379600
259,2023-01-13 00:00:00+00:00,133.3576202392578,134.75999450683594,134.9199981689453,131.66000366210938,132.02999877929688,57809700
260,2023-01-17 00:00:00+00:00,134.52532958984375,135.94000244140625,137.2899932861328,134.1300048828125,134.8300018310547,63646600
261,2023-01-18 00:00:00+00:00,133.8029327392578,135.2100067138672,138.61000061035156,135.02999877929688,136.82000732421875,69672800
262,2023-01-19 00:00:00+00:00,133.86231994628906,135.27000427246094,136.25,133.77000427246094,134.0800018310547,58280400
263,2023-01-20 00:00:00+00:00,136.4352569580078,137.8699951171875,138.02000427246094,134.22000122070312,135.27999877929688,80223600
264,2023-01-23 00:00:00+00:00,139.6415557861328,141.11000061035156,143.32000732421875,137.89999389648438,138.1199951171875,81760300
265,2023-01-24 00:00:00+00:00,141.04673767089844,142.52999877929688,143.16000366210938,140.3000030517578,140.30999755859375,66435100
266,2023-01-25 00:00:00+00:00,140.3837432861328,141.86000061035156,142.42999267578125,138.80999755859375,140.88999938964844,65799300
267,2023-01-26 00:00:00+00:00,142.4619140625,143.9600067138672,144.25,141.89999389648438,143.1699981689453,54105100
268,2023-01-27 00:00:00+00:00,144.41134643554688,145.92999267578125,147.22999572753906,143.0800018310547,143.16000366210938,70555800
269,2023-01-30 00:00:00+00:00,141.5118865966797,143.0,145.5500030517578,142.85000610351562,144.9600067138672,64015300
270,2023-01-31 00:00:00+00:00,142.7884521484375,144.2899932861328,144.33999633789062,142.27999877929688,142.6999969482422,65874500
271,2023-02-01 00:00:00+00:00,143.91656494140625,145.42999267578125,146.61000061035156,141.32000732421875,143.97000122070312,77663600
272,2023-02-02 00:00:00+00:00,149.25048828125,150.82000732421875,151.17999267578125,148.1699981689453,148.89999389648438,118339000
273,2023-02-03 00:00:00+00:00,152.89218139648438,154.5,157.3800048828125,147.8300018310547,148.02999877929688,154357300
274,2023-02-06 00:00:00+00:00,150.15103149414062,151.72999572753906,153.10000610351562,150.77999877929688,152.57000732421875,69858300
275,2023-02-07 00:00:00+00:00,153.04063415527344,154.64999389648438,155.22999572753906,150.63999938964844,150.63999938964844,83322600
276,2023-02-08 00:00:00+00:00,150.3390350341797,151.9199981689453,154.5800018310547,151.1699981689453,153.8800048828125,64120100
277,2023-02-09 00:00:00+00:00,149.29995727539062,150.8699951171875,154.3300018310547,150.4199981689453,153.77999877929688,56007100
278,2023-02-10 00:00:00+00:00,149.6666717529297,151.00999450683594,151.33999633789062,149.22000122070312,149.4600067138672,57450700
279,2023-02-13 00:00:00+00:00,152.48143005371094,153.85000610351562,154.25999450683594,150.9199981689453,150.9499969482422,62199000
280,2023-02-14 00:00:00+00:00,151.83718872070312,153.1999969482422,153.77000427246094,150.86000061035156,152.1199951171875,61707600
281,2023-02-15 00:00:00+00:00,153.94827270507812,155.3300018310547,155.5,152.8800048828125,153.11000061035156,65573800
282,2023-02-16 00:00:00+00:00,152.34266662597656,153.7100067138672,156.3300018310547,153.35000610351562,153.50999450683594,68167900
283,2023-02-17 00:00:00+00:00,151.19296264648438,152.5500030517578,153.0,150.85000610351562,152.35000610351562,59144100
284,2023-02-21 00:00:00+00:00,147.15919494628906,148.47999572753906,151.3000030517578,148.41000366210938,150.1999969482422,58867200
285,2023-02-22 00:00:00+00:00,147.58535766601562,148.91000366210938,149.9499969482422,147.16000366210938,148.8699951171875,51011300
286,2023-02-23 00:00:00+00:00,148.07101440429688,149.39999389648438,150.33999633789062,147.24000549316406,150.08999633789062,48394200
287,2023-02-24 00:00:00+00:00,145.40493774414062,146.7100067138672,147.19000244140625,145.72000122070312,147.11000061035156,55469600
288,2023-02-27 00:00:00+00:00,146.60415649414062,147.9199981689453,149.1699981689453,147.4499969482422,147.7100067138672,44998500
289,2023-02-28 00:00:00+00:00,146.0987091064453,147.41000366210938,149.0800018310547,146.8300018310547,147.0500030517578,50547000
290,2023-03-01 00:00:00+00:00,144.01736450195312,145.30999755859375,147.22999572753906,145.00999450683594,146.8300018310547,55479000
291,2023-03-02 00:00:00+00:00,144.61204528808594,145.91000366210938,146.7100067138672,143.89999389648438,144.3800048828125,52238100
292,2023-03-03 00:00:00+00:00,149.68650817871094,151.02999877929688,151.11000061035156,147.3300018310547,148.0399932861328,70732300
293,2023-03-06 00:00:00+00:00,152.46160888671875,153.8300018310547,156.3000030517578,153.4600067138672,153.7899932861328,87558000
294,2023-03-07 00:00:00+00:00,150.25143432617188,151.60000610351562,154.02999877929688,151.1300048828125,153.6999969482422,56182000
295,2023-03-08 00:00:00+00:00,151.5101318359375,152.8699951171875,153.47000122070312,151.8300018310547,152.80999755859375,47204800
296,2023-03-09 00:00:00+00:00,149.2504119873047,150.58999633789062,154.5399932861328,150.22999572753906,153.55999755859375,53833600
297,2023-03-10 00:00:00+00:00,147.17901611328125,148.5,150.94000244140625,147.61000061035156,150.2100067138672,68572400
298,2023-03-13 00:00:00+00:00,149.13150024414062,150.47000122070312,153.13999938964844,147.6999969482422,147.80999755859375,84457100
299,2023-03-14 00:00:00+00:00,151.23263549804688,152.58999633789062,153.39999389648438,150.10000610351562,151.27999877929688,73695900
300,2023-03-15 00:00:00+00:00,151.6290740966797,152.99000549316406,153.25,149.9199981689453,151.19000244140625,77167900
301,2023-03-16 00:00:00+00:00,154.46363830566406,155.85000610351562,156.4600067138672,151.63999938964844,152.16000366210938,76161100
302,2023-03-17 00:00:00+00:00,153.62120056152344,155.0,156.74000549316406,154.27999877929688,156.0800018310547,98944600
303,2023-03-20 00:00:00+00:00,155.99981689453125,157.39999389648438,157.82000732421875,154.14999389648438,155.07000732421875,73641400
304,2023-03-21 00:00:00+00:00,157.86314392089844,159.27999877929688,159.39999389648438,156.5399932861328,157.32000732421875,73938300
305,2023-03-22 00:00:00+00:00,156.426025390625,157.8300018310547,162.13999938964844,157.80999755859375,159.3000030517578,75701800
306,2023-03-23 00:00:00+00:00,157.51622009277344,158.92999267578125,161.5500030517578,157.67999267578125,158.8300018310547,67622100
307,2023-03-24 00:00:00+00:00,158.82449340820312,160.25,160.33999633789062,157.85000610351562,158.86000061035156,59196500
308,2023-03-27 00:00:00+00:00,156.8720245361328,158.27999877929688,160.77000427246094,157.8699951171875,159.94000244140625,52390300
309,2023-03-28 00:00:00+00:00,156.24761962890625,157.64999389648438,158.49000549316406,155.97999572753906,157.97000122070312,45992200
310,2023-03-29 00:00:00+00:00,159.33987426757812,160.77000427246094,161.0500030517578,159.35000610351562,159.3699951171875,51305700
311,2023-03-30 00:00:00+00:00,160.9157257080078,162.36000061035156,162.47000122070312,161.27000427246094,161.52999877929688,49501700
312,2023-03-31 00:00:00+00:00,163.43312072753906,164.89999389648438,165.0,161.91000366210938,162.44000244140625,68749800
313,2023-04-03 00:00:00+00:00,164.69183349609375,166.1699981689453,166.2899932861328,164.22000122070312,164.27000427246094,56976200
314,2023-04-04 00:00:00+00:00,164.15664672851562,165.6300048828125,166.83999633789062,165.11000061035156,166.60000610351562,46278300
315,2023-04-05 00:00:00+00:00,162.30323791503906,163.75999450683594,165.0500030517578,161.8000030517578,164.74000549316406,51511700
316,2023-04-06 00:00:00+00:00,163.19528198242188,164.66000366210938,164.9600067138672,162.0,162.42999267578125,45390100
317,2023-04-10 00:00:00+00:00,160.58865356445312,162.02999877929688,162.02999877929688,160.0800018310547,161.4199981689453,47716900
318,2023-04-11 00:00:00+00:00,159.36959838867188,160.8000030517578,162.36000061035156,160.50999450683594,162.35000610351562,47644200
319,2023-04-12 00:00:00+00:00,158.6758270263672,160.10000610351562,162.05999755859375,159.77999877929688,161.22000122070312,50133100
320,2023-04-13 00:00:00+00:00,164.08724975585938,165.55999755859375,165.8000030517578,161.4199981689453,161.6300048828125,68445600
321,2023-04-14 00:00:00+00:00,163.74037170410156,165.2100067138672,166.32000732421875,163.82000732421875,164.58999633789062,49386500
322,2023-04-17 00:00:00+00:00,163.7601776123047,165.22999572753906,165.38999938964844,164.02999877929688,165.08999633789062,41516200
323,2023-04-18 00:00:00+00:00,164.98915100097656,166.47000122070312,167.41000366210938,165.64999389648438,166.10000610351562,49923000
324,2023-04-19 00:00:00+00:00,166.13885498046875,167.6300048828125,168.16000366210938,165.5399932861328,165.8000030517578,47720200
325,2023-04-20 00:00:00+00:00,165.1675567626953,166.64999389648438,167.8699951171875,165.55999755859375,166.08999633789062,52456400
326,2023-04-21 00:00:00+00:00,163.55206298828125,165.02000427246094,166.4499969482422,164.49000549316406,165.0500030517578,58337300
327,2023-04-24 00:00:00+00:00,163.8592987060547,165.3300018310547,165.60000610351562,163.88999938964844,165.0,41949600
328,2023-04-25 00:00:00+00:00,162.3131866455078,163.77000427246094,166.30999755859375,163.72999572753906,165.19000244140625,48714100
329,2023-04-26 00:00:00+00:00,162.30323791503906,163.75999450683594,165.27999877929688,162.8000030517578,163.05999755859375,45498800
330,2023-04-27 00:00:00+00:00,166.9119110107422,168.41000366210938,168.55999755859375,165.19000244140625,165.19000244140625,64902300
331,2023-04-28 00:00:00+00:00,168.17059326171875,169.67999267578125,169.85000610351562,167.8800048828125,168.49000549316406,55209200
332,2023-05-01 00:00:00+00:00,168.08140563964844,169.58999633789062,170.4499969482422,168.63999938964844,169.27999877929688,52472900
333,2023-05-02 00:00:00+00:00,167.0407257080078,168.5399932861328,170.35000610351562,167.5399932861328,170.08999633789062,48425700
334,2023-05-03 00:00:00+00:00,165.96044921875,167.4499969482422,170.9199981689453,167.16000366210938,169.5,65136000
335,2023-05-04 00:00:00+00:00,164.31521606445312,165.7899932861328,167.0399932861328,164.30999755859375,164.88999938964844,81235400
336,2023-05-05 00:00:00+00:00,172.02601623535156,173.57000732421875,174.3000030517578,170.75999450683594,170.97999572753906,113316400
337,2023-05-08 00:00:00+00:00,171.9566192626953,173.5,173.85000610351562,172.11000061035156,172.47999572753906,55962800
338,2023-05-09 00:00:00+00:00,170.2420196533203,171.77000427246094,173.5399932861328,171.60000610351562,173.0500030517578,45326900
339,2023-05-10 00:00:00+00:00,172.01609802246094,173.55999755859375,174.02999877929688,171.89999389648438,173.02000427246094,53724500
340,2023-05-11 00:00:00+00:00,172.2043914794922,173.75,174.58999633789062,172.1699981689453,173.85000610351562,49514700
341,2023-05-12 00:00:00+00:00,171.271484375,172.57000732421875,174.05999755859375,171.0,173.6199951171875,45497800
342,2023-05-15 00:00:00+00:00,170.77525329589844,172.07000732421875,173.2100067138672,171.47000122070312,173.16000366210938,37266700
343,2023-05-16 00:00:00+00:00,170.77525329589844,172.07000732421875,173.13999938964844,171.8000030517578,171.99000549316406,42110300
344,2023-05-17 00:00:00+00:00,171.39056396484375,172.69000244140625,172.92999267578125,170.4199981689453,171.7100067138672,57951600
345,2023-05-18 00:00:00+00:00,173.73280334472656,175.0500030517578,175.24000549316406,172.5800018310547,173.0,65496700
346,2023-05-19 00:00:00+00:00,173.84197998046875,175.16000366210938,176.38999938964844,174.94000244140625,176.38999938964844,55772400
347,2023-05-22 00:00:00+00:00,172.8892059326172,174.1999969482422,174.7100067138672,173.4499969482422,173.97999572753906,43570900
348,2023-05-23 00:00:00+00:00,170.26907348632812,171.55999755859375,173.3800048828125,171.27999877929688,173.1300048828125,50747300
349,2023-05-24 00:00:00+00:00,170.5469512939453,171.83999633789062,172.4199981689453,170.52000427246094,171.08999633789062,45143500
350,2023-05-25 00:00:00+00:00,171.68833923339844,172.99000549316406,173.89999389648438,171.69000244140625,172.41000366210938,56058300
351,2023-05-26 00:00:00+00:00,174.1099395751953,175.42999267578125,175.77000427246094,173.11000061035156,173.32000732421875,54835000
352,2023-05-30 00:00:00+00:00,175.96588134765625,177.3000030517578,178.99000549316406,176.57000732421875,176.9600067138672,55964400
353,2023-05-31 00:00:00+00:00,175.91624450683594,177.25,179.35000610351562,176.75999450683594,177.3300018310547,99625300
354,2023-06-01 00:00:00+00:00,178.73486328125,180.08999633789062,180.1199951171875,176.92999267578125,177.6999969482422,68901800
355,2023-06-02 00:00:00+00:00,179.58839416503906,180.9499969482422,181.77999877929688,179.25999450683594,181.02999877929688,61945900
356,2023-06-05 00:00:00+00:00,178.22872924804688,179.5800018310547,184.9499969482422,178.0399932861328,182.6300048828125,121946500
357,2023-06-06 00:00:00+00:00,177.8615264892578,179.2100067138672,180.1199951171875,177.42999267578125,179.97000122070312,64848400
358,2023-06-07 00:00:00+00:00,176.4819793701172,177.82000732421875,181.2100067138672,177.32000732421875,178.44000244140625,61944600
359,2023-06-08 00:00:00+00:00,179.21127319335938,180.57000732421875,180.83999633789062,177.4600067138672,177.89999389648438,50214900
360,2023-06-09 00:00:00+00:00,179.59835815429688,180.9600067138672,182.22999572753906,180.6300048828125,181.5,48870700
361,2023-06-12 00:00:00+00:00,182.4070281982422,183.7899932861328,183.88999938964844,180.97000122070312,181.27000427246094,54274900
362,2023-06-13 00:00:00+00:00,181.9306640625,183.30999755859375,184.14999389648438,182.44000244140625,182.8000030517578,54929100
363,2023-06-14 00:00:00+00:00,182.56582641601562,183.9499969482422,184.38999938964844,182.02000427246094,183.3699951171875,57462900
364,2023-06-15 00:00:00+00:00,184.6103515625,186.00999450683594,186.52000427246094,183.77999877929688,183.9600067138672,65433200
365,2023-06-16 00:00:00+00:00,183.52853393554688,184.9199981689453,186.99000549316406,184.27000427246094,186.72999572753906,101235600
366,2023-06-20 00:00:00+00:00,183.61785888671875,185.00999450683594,186.10000610351562,184.41000366210938,184.41000366210938,49799100
367,2023-06-21 00:00:00+00:00,182.57579040527344,183.9600067138672,185.41000366210938,182.58999633789062,184.89999389648438,49515700
368,2023-06-22 00:00:00+00:00,185.5928955078125,187.0,187.0500030517578,183.6699981689453,183.74000549316406,51245300
369,2023-06-23 00:00:00+00:00,185.27529907226562,186.67999267578125,187.55999755859375,185.00999450683594,185.5500030517578,53079300
370,2023-06-26 00:00:00+00:00,183.8759002685547,185.27000427246094,188.0500030517578,185.22999572753906,186.8300018310547,48088700
371,2023-06-27 00:00:00+00:00,186.64491271972656,188.05999755859375,188.38999938964844,185.6699981689453,185.88999938964844,50730800
372,2023-06-28 00:00:00+00:00,187.82595825195312,189.25,189.89999389648438,187.60000610351562,187.92999267578125,51216800
373,2023-06-29 00:00:00+00:00,188.16339111328125,189.58999633789062,190.07000732421875,188.94000244140625,189.0800018310547,46347300
374,2023-06-30 00:00:00+00:00,192.51046752929688,193.97000122070312,194.47999572753906,191.25999450683594,191.6300048828125,85069600
375,2023-07-03 00:00:00+00:00,191.01181030273438,192.4600067138672,193.8800048828125,191.75999450683594,193.77999877929688,31458200
376,2023-07-05 00:00:00+00:00,189.8903350830078,191.3300018310547,192.97999572753906,190.6199951171875,191.57000732421875,46920300
377,2023-07-06 00:00:00+00:00,190.36668395996094,191.80999755859375,192.02000427246094,189.1999969482422,189.83999633789062,45094300
378,2023-07-07 00:00:00+00:00,189.2451934814453,190.67999267578125,192.6699981689453,190.24000549316406,191.41000366210938,46778000
379,2023-07-10 00:00:00+00:00,187.19078063964844,188.61000061035156,189.99000549316406,187.0399932861328,189.25999450683594,59922200
380,2023-07-11 00:00:00+00:00,186.66476440429688,188.0800018310547,189.3000030517578,186.60000610351562,189.16000366210938,46638100
381,2023-07-12 00:00:00+00:00,188.34205627441406,189.77000427246094,191.6999969482422,188.47000122070312,189.67999267578125,60750200
382,2023-07-13 00:00:00+00:00,189.10623168945312,190.5399932861328,191.19000244140625,189.77999877929688,190.5,41342300
383,2023-07-14 00:00:00+00:00,189.255126953125,190.69000244140625,191.17999267578125,189.6300048828125,190.22999572753906,41573900
384,2023-07-17 00:00:00+00:00,192.53028869628906,193.99000549316406,194.32000732421875,191.80999755859375,191.89999389648438,50520200
385,2023-07-18 00:00:00+00:00,192.27224731445312,193.72999572753906,194.3300018310547,192.4199981689453,193.35000610351562,48353800
386,2023-07-19 00:00:00+00:00,193.63194274902344,195.10000610351562,198.22999572753906,192.64999389648438,193.10000610351562,80507300
387,2023-07-20 00:00:00+00:00,191.67677307128906,193.1300048828125,196.47000122070312,192.5,195.08999633789062,59581200
388,2023-07-21 00:00:00+00:00,190.4957275390625,191.94000244140625,194.97000122070312,191.22999572753906,194.10000610351562,71917800
389,2023-07-24 00:00:00+00:00,191.2996063232422,192.75,194.91000366210938,192.25,193.41000366210938,45377800
390,2023-07-25 00:00:00+00:00,192.1630859375,193.6199951171875,194.44000244140625,192.9199981689453,193.3300018310547,37283200
391,2023-07-26 00:00:00+00:00,193.03643798828125,194.5,195.63999938964844,193.32000732421875,193.6699981689453,47471900
392,2023-07-27 00:00:00+00:00,191.76608276367188,193.22000122070312,197.1999969482422,192.5500030517578,196.02000427246094,47460200
393,2023-07-28 00:00:00+00:00,194.35646057128906,195.8300018310547,196.6300048828125,194.13999938964844,194.6699981689453,48291400
394,2023-07-31 00:00:00+00:00,194.97178649902344,196.4499969482422,196.49000549316406,195.25999450683594,196.05999755859375,38824100
395,2023-08-01 00:00:00+00:00,194.13809204101562,195.61000061035156,196.72999572753906,195.27999877929688,196.24000549316406,35175100
396,2023-08-02 00:00:00+00:00,191.13088989257812,192.5800018310547,195.17999267578125,191.85000610351562,195.0399932861328,50389300
397,2023-08-03 00:00:00+00:00,189.73150634765625,191.1699981689453,192.3699951171875,190.69000244140625,191.57000732421875,61235200
398,2023-08-04 00:00:00+00:00,180.62059020996094,181.99000549316406,187.3800048828125,181.9199981689453,185.52000427246094,115799700
399,2023-08-07 00:00:00+00:00,177.50424194335938,178.85000610351562,183.1300048828125,177.35000610351562,182.1300048828125,97576100
400,2023-08-08 00:00:00+00:00,178.4470672607422,179.8000030517578,180.27000427246094,177.5800018310547,179.69000244140625,67823000
401,2023-08-09 00:00:00+00:00,176.84918212890625,178.19000244140625,180.92999267578125,177.00999450683594,180.8699951171875,60378500
402,2023-08-10 00:00:00+00:00,176.63082885742188,177.97000122070312,180.75,177.60000610351562,179.47999572753906,54686900
403,2023-08-11 00:00:00+00:00,176.69046020507812,177.7899932861328,178.6199951171875,176.5500030517578,177.32000732421875,51988100
404,2023-08-14 00:00:00+00:00,178.3501434326172,179.4600067138672,179.69000244140625,177.30999755859375,177.97000122070312,43675600
405,2023-08-15 00:00:00+00:00,176.35255432128906,177.4499969482422,179.47999572753906,177.0500030517578,178.8800048828125,43622600
406,2023-08-16 00:00:00+00:00,175.47802734375,176.57000732421875,178.5399932861328,176.5,177.1300048828125,46964900
407,2023-08-17 00:00:00+00:00,172.92391967773438,174.0,177.50999450683594,173.47999572753906,177.13999938964844,66062900
408,2023-08-18 00:00:00+00:00,173.41090393066406,174.49000549316406,175.10000610351562,171.9600067138672,172.3000030517578,61114200
409,2023-08-21 00:00:00+00:00,174.7525177001953,175.83999633789062,176.1300048828125,173.74000549316406,175.07000732421875,46311900
410,2023-08-22 00:00:00+00:00,176.1339111328125,177.22999572753906,177.67999267578125,176.25,177.05999755859375,42084200
411,2023-08-23 00:00:00+00:00,179.9998779296875,181.1199951171875,181.5500030517578,178.3300018310547,178.52000427246094,52722800
412,2023-08-24 00:00:00+00:00,175.28919982910156,176.3800048828125,181.10000610351562,176.00999450683594,180.6699981689453,54945800
413,2023-08-25 00:00:00+00:00,177.5054168701172,178.61000061035156,179.14999389648438,175.82000732421875,177.3800048828125,51449600
414,2023-08-28 00:00:00+00:00,179.07562255859375,180.19000244140625,180.58999633789062,178.5500030517578,180.08999633789062,43820700
415,2023-08-29 00:00:00+00:00,182.9813232421875,184.1199951171875,184.89999389648438,179.5,179.6999969482422,53003900
416,2023-08-30 00:00:00+00:00,186.48948669433594,187.64999389648438,187.85000610351562,184.74000549316406,184.94000244140625,60813900
417,2023-08-31 00:00:00+00:00,186.7081298828125,187.8699951171875,189.1199951171875,187.47999572753906,187.83999633789062,60794500
418,2023-09-01 00:00:00+00:00,188.28829956054688,189.4600067138672,189.9199981689453,188.27999877929688,189.49000549316406,45732600
419,2023-09-05 00:00:00+00:00,188.5268096923828,189.6999969482422,189.97999572753906,187.61000061035156,188.27999877929688,45280000
420,2023-09-06 00:00:00+00:00,181.77880859375,182.91000366210938,188.85000610351562,181.47000122070312,188.39999389648438,81755800
421,2023-09-07 00:00:00+00:00,176.46189880371094,177.55999755859375,178.2100067138672,173.5399932861328,175.17999267578125,112488800
422,2023-09-08 00:00:00+00:00,177.07806396484375,178.17999267578125,180.24000549316406,177.7899932861328,178.35000610351562,65551300
423,2023-09-11 00:00:00+00:00,178.25074768066406,179.36000061035156,180.3000030517578,177.33999633789062,180.07000732421875,58953100
424,2023-09-12 00:00:00+00:00,175.20968627929688,176.3000030517578,180.1300048828125,174.82000732421875,179.49000549316406,90370200
425,2023-09-13 00:00:00+00:00,173.1326141357422,174.2100067138672,177.3000030517578,173.97999572753906,176.50999450683594,84267900
426,2023-09-14 00:00:00+00:00,174.65313720703125,175.74000549316406,176.10000610351562,173.5800018310547,174.0,60895800
427,2023-09-15 00:00:00+00:00,173.92764282226562,175.00999450683594,176.5,173.82000732421875,176.47999572753906,109205100
428,2023-09-18 00:00:00+00:00,176.86935424804688,177.97000122070312,179.3800048828125,176.1699981689453,176.47999572753906,67257600
429,2023-09-19 00:00:00+00:00,177.9625701904297,179.07000732421875,179.6300048828125,177.1300048828125,177.52000427246094,51826900
430,2023-09-20 00:00:00+00:00,174.40469360351562,175.49000549316406,179.6999969482422,175.39999389648438,179.25999450683594,58436200
431,2023-09-21 00:00:00+00:00,172.8543243408203,173.92999267578125,176.3000030517578,173.86000061035156,174.5500030517578,63047900
432,2023-09-22 00:00:00+00:00,173.70901489257812,174.7899932861328,177.0800018310547,174.0500030517578,174.6699981689453,56725400
433,2023-09-25 00:00:00+00:00,174.9910430908203,176.0800018310547,176.97000122070312,174.14999389648438,174.1999969482422,46172700
434,2023-09-26 00:00:00+00:00,170.89654541015625,171.9600067138672,175.1999969482422,171.66000366210938,174.82000732421875,64588900
435,2023-09-27 00:00:00+00:00,169.37596130371094,170.42999267578125,173.0399932861328,169.0500030517578,172.6199951171875,66921800
436,2023-09-28 00:00:00+00:00,169.63438415527344,170.69000244140625,172.02999877929688,167.6199951171875,169.33999633789062,56294400
437,2023-09-29 00:00:00+00:00,170.15115356445312,171.2100067138672,173.07000732421875,170.33999633789062,172.02000427246094,51814200
438,2023-10-02 00:00:00+00:00,172.6754608154297,173.75,174.3000030517578,170.92999267578125,171.22000122070312,52164500
439,2023-10-03 00:00:00+00:00,171.3337860107422,172.39999389648438,173.6300048828125,170.82000732421875,172.25999450683594,49594600
440,2023-10-04 00:00:00+00:00,172.58599853515625,173.66000366210938,174.2100067138672,170.97000122070312,171.08999633789062,53020300
441,2023-10-05 00:00:00+00:00,173.82827758789062,174.91000366210938,175.4499969482422,172.67999267578125,173.7899932861328,48527900
442,2023-10-06 00:00:00+00:00,176.39231872558594,177.49000549316406,177.99000549316406,173.17999267578125,173.8000030517578,57224100
443,2023-10-09 00:00:00+00:00,177.883056640625,178.99000549316406,179.0500030517578,175.8000030517578,176.80999755859375,42390800
444,2023-10-10 00:00:00+00:00,177.28675842285156,178.38999938964844,179.72000122070312,177.9499969482422,178.10000610351562,43698000
445,2023-10-11 00:00:00+00:00,178.6880340576172,179.8000030517578,179.85000610351562,177.60000610351562,178.1999969482422,47551100
446,2023-10-12 00:00:00+00:00,179.59242248535156,180.7100067138672,182.33999633789062,179.0399932861328,180.07000732421875,56743100
447,2023-10-13 00:00:00+00:00,177.74392700195312,178.85000610351562,181.92999267578125,178.13999938964844,181.4199981689453,51427100
448,2023-10-16 00:00:00+00:00,177.61471557617188,178.72000122070312,179.0800018310547,176.50999450683594,176.75,52517000
449,2023-10-17 00:00:00+00:00,176.05442810058594,177.14999389648438,178.4199981689453,174.8000030517578,176.64999389648438,57549400
450,2023-10-18 00:00:00+00:00,174.7525177001953,175.83999633789062,177.5800018310547,175.11000061035156,175.5800018310547,54764400
451,2023-10-19 00:00:00+00:00,174.37489318847656,175.4600067138672,177.83999633789062,175.19000244140625,176.0399932861328,59302900
452,2023-10-20 00:00:00+00:00,171.81085205078125,172.8800048828125,175.4199981689453,172.63999938964844,175.30999755859375,64189300
453,2023-10-23 00:00:00+00:00,171.93008422851562,173.0,174.00999450683594,169.92999267578125,170.91000366210938,55980100
454,2023-10-24 00:00:00+00:00,172.3673553466797,173.44000244140625,173.6699981689453,171.4499969482422,173.0500030517578,43816600
455,2023-10-25 00:00:00+00:00,170.0418701171875,171.10000610351562,173.05999755859375,170.64999389648438,171.8800048828125,57157000
456,2023-10-26 00:00:00+00:00,165.85787963867188,166.88999938964844,171.3800048828125,165.6699981689453,170.3699951171875,70625300
457,2023-10-27 00:00:00+00:00,167.1796417236328,168.22000122070312,168.9600067138672,166.8300018310547,166.91000366210938,58499100
458,2023-10-30 00:00:00+00:00,169.23684692382812,170.2899932861328,171.1699981689453,168.8699951171875,169.02000427246094,51131000
459,2023-10-31 00:00:00+00:00,169.71389770507812,170.77000427246094,170.89999389648438,167.89999389648438,169.35000610351562,44846000
460,2023-11-01 00:00:00+00:00,172.8940887451172,173.97000122070312,174.22999572753906,170.1199951171875,171.0,56934900
461,2023-11-02 00:00:00+00:00,176.47183227539062,177.57000732421875,177.77999877929688,175.4600067138672,175.52000427246094,77334800
462,2023-11-03 00:00:00+00:00,175.55751037597656,176.64999389648438,176.82000732421875,173.35000610351562,174.24000549316406,79763700
463,2023-11-06 00:00:00+00:00,178.12155151367188,179.22999572753906,179.42999267578125,176.2100067138672,176.3800048828125,63841300
464,2023-11-07 00:00:00+00:00,180.69554138183594,181.82000732421875,182.44000244140625,178.97000122070312,179.17999267578125,70530000
465,2023-11-08 00:00:00+00:00,181.75892639160156,182.88999938964844,183.4499969482422,181.58999633789062,182.35000610351562,49340300
466,2023-11-09 00:00:00+00:00,181.2819061279297,182.41000366210938,184.1199951171875,181.80999755859375,182.9600067138672,53763500
467,2023-11-10 00:00:00+00:00,185.49127197265625,186.39999389648438,186.57000732421875,183.52999877929688,183.97000122070312,66133400
468,2023-11-13 00:00:00+00:00,183.89907836914062,184.8000030517578,186.02999877929688,184.2100067138672,185.82000732421875,43627500
469,2023-11-14 00:00:00+00:00,186.5261993408203,187.44000244140625,188.11000061035156,186.3000030517578,187.6999969482422,60108400
470,2023-11-15 00:00:00+00:00,187.09341430664062,188.00999450683594,189.5,187.77999877929688,187.85000610351562,53790500
471,2023-11-16 00:00:00+00:00,188.78514099121094,189.7100067138672,190.9600067138672,188.64999389648438,189.57000732421875,54412900
472,2023-11-17 00:00:00+00:00,188.76524353027344,189.69000244140625,190.3800048828125,188.57000732421875,190.25,50922700
473,2023-11-20 00:00:00+00:00,190.5166473388672,191.4499969482422,191.91000366210938,189.8800048828125,189.88999938964844,46505100
474,2023-11-21 00:00:00+00:00,189.71060180664062,190.63999938964844,191.52000427246094,189.74000549316406,191.41000366210938,38134500
475,2023-11-22 00:00:00+00:00,190.3773193359375,191.30999755859375,192.92999267578125,190.8300018310547,191.49000549316406,39617700
476,2023-11-24 00:00:00+00:00,189.0438690185547,189.97000122070312,190.89999389648438,189.25,190.8699951171875,24048300
477,2023-11-27 00:00:00+00:00,188.86474609375,189.7899932861328,190.6699981689453,188.89999389648438,189.9199981689453,40552600
478,2023-11-28 00:00:00+00:00,189.47177124023438,190.39999389648438,191.0800018310547,189.39999389648438,189.77999877929688,38415400
479,2023-11-29 00:00:00+00:00,188.44679260253906,189.3699951171875,192.08999633789062,188.97000122070312,190.89999389648438,43014200
480,2023-11-30 00:00:00+00:00,189.0239715576172,189.9499969482422,190.32000732421875,188.19000244140625,189.83999633789062,48794400
481,2023-12-01 00:00:00+00:00,190.30767822265625,191.24000549316406,191.55999755859375,189.22999572753906,190.3300018310547,45679300
482,2023-12-04 00:00:00+00:00,188.50650024414062,189.42999267578125,190.0500030517578,187.4499969482422,189.97999572753906,43389500
483,2023-12-05 00:00:00+00:00,192.47703552246094,193.4199981689453,194.39999389648438,190.17999267578125,190.2100067138672,66628400
484,2023-12-06 00:00:00+00:00,191.38241577148438,192.32000732421875,194.75999450683594,192.11000061035156,194.4499969482422,41089700
485,2023-12-07 00:00:00+00:00,193.32290649414062,194.27000427246094,195.0,193.58999633789062,193.6300048828125,47477700
486,2023-12-08 00:00:00+00:00,194.75587463378906,195.7100067138672,195.99000549316406,193.6699981689453,194.1999969482422,53377300
487,2023-12-11 00:00:00+00:00,192.23822021484375,193.17999267578125,193.49000549316406,191.4199981689453,193.11000061035156,60943700
488,2023-12-12 00:00:00+00:00,193.76077270507812,194.7100067138672,194.72000122070312,191.72000122070312,193.0800018310547,52696900
489,2023-12-13 00:00:00+00:00,196.9949188232422,197.9600067138672,198.0,194.85000610351562,195.08999633789062,70404200
490,2023-12-14 00:00:00+00:00,197.14418029785156,198.11000061035156,199.6199951171875,196.16000366210938,198.02000427246094,66831600
491,2023-12-15 00:00:00+00:00,196.60682678222656,197.57000732421875,198.39999389648438,197.0,197.52999877929688,128256700
492,2023-12-18 00:00:00+00:00,194.93499755859375,195.88999938964844,196.6300048828125,194.38999938964844,196.08999633789062,55751900
493,2023-12-19 00:00:00+00:00,195.97988891601562,196.94000244140625,196.9499969482422,195.88999938964844,196.16000366210938,40714100
494,2023-12-20 00:00:00+00:00,193.88018798828125,194.8300018310547,197.67999267578125,194.8300018310547,196.89999389648438,52242800
495,2023-12-21 00:00:00+00:00,193.7308807373047,194.67999267578125,197.0800018310547,193.5,196.10000610351562,46482500
496,2023-12-22 00:00:00+00:00,192.6561737060547,193.60000610351562,195.41000366210938,192.97000122070312,195.17999267578125,37122800
497,2023-12-26 00:00:00+00:00,192.1088409423828,193.0500030517578,193.88999938964844,192.8300018310547,193.61000061035156,28919300
498,2023-12-27 00:00:00+00:00,192.2083740234375,193.14999389648438,193.5,191.08999633789062,192.49000549316406,48087700
499,2023-12-28 00:00:00+00:00,192.6362762451172,193.5800018310547,194.66000366210938,193.1699981689453,194.13999938964844,34049900
500,2023-12-29 00:00:00+00:00,191.5913848876953,192.52999877929688,194.39999389648438,191.72999572753906,193.89999389648438,42628800
